,pearson_r,pearson_p,spearman_r,spearman_p
cosine,0.5213282694902992,3.7028468099437296e-06,0.6182229338237554,1.1810300393460665e-08
xi,-0.03701111565708905,0.7609863006994919,-0.08705578349824458,0.4736157042758231
xi_symmetric,-0.02135412407119574,0.8607146878201888,-0.10679751583417589,0.37887890973662663
