cosine,xi,xi_symmetric,pearson,spearman,relationship,repetition,n_samples
0.9987570673574911,0.94749978999916,0.9475477901911608,0.9987583441309253,0.9984854979419916,linear,0,500
0.998807560318071,0.9442237768951076,0.945879783519134,0.9988073015850919,0.998311449245797,linear,1,500
0.998753041615354,0.9466117864471458,0.9466117864471458,0.9987550201172534,0.9983705854823419,linear,2,500
0.9987448017945009,0.9486757947031788,0.9486757947031788,0.9987455692311937,0.9983160572642291,linear,3,500
0.9986612520041661,0.9443797775191101,0.9443797775191101,0.9986635546041084,0.9982914811659246,linear,4,500
