cosine,xi,xi_symmetric,pearson,spearman,relationship,repetition,n_samples
-0.07540169067960226,-0.018852075408301694,0.022176088704354835,-0.07567074904782076,-0.09015568862275448,independent,0,500
-0.006569189595228644,-0.06091224364897463,-0.0081360325441302,-0.0062395219315091385,-0.035117516470065877,independent,1,500
-0.05391651675991945,-0.010080040320161299,0.04256417025668102,-0.051903645255111354,-0.05060468241872968,independent,2,500
-0.021198798250714863,0.06207624830499325,0.06207624830499325,-0.022124146792404417,-0.024642050568202276,independent,3,500
-0.0809661801996539,0.0036960147840591207,0.014616058464233861,-0.08025324387218807,-0.07531354925419702,independent,4,500
