relationship,cosine_mean,cosine_std,xi_mean,xi_std,pearson_mean,pearson_std,spearman_mean,spearman_std
linear,0.9987447446179166,5.2767229610439574e-05,0.9462781851127404,0.0019478632275671747,0.9987459579337145,5.193516254902369e-05,0.9983550142200569,7.861371740367031e-05
quadratic,0.06093017046560793,0.061898410745784685,0.9880407521630087,1.0733169224657467e-05,0.06509416445412089,0.07493023427030487,0.013213243252973012,0.03223786375938539
cubic,0.7567366472894652,0.04265563425789707,0.994011976047904,1.2412670766236366e-16,0.757014922960737,0.04261622066506898,1.0,0.0
absolute,0.03643909332571499,0.03669727800260463,0.9880407521630087,1.0733169224657467e-05,0.043758817637347416,0.05099400430986609,0.013213243252973012,0.03223786375938539
sine,-0.01593837878188212,0.05298880586450876,0.9314101256405024,0.0022829346232953384,-0.01595451434679813,0.05341343185901846,-0.0037397141588566356,0.05756639667390722
exponential,0.11123944220665478,0.023787744988848603,0.994011976047904,1.2412670766236366e-16,0.997344841119307,0.00018074354673450064,1.0,0.0
independent,-0.047610475097023826,0.032812667818157,-0.004814419257677049,0.04449308190992203,-0.047238261379806745,0.03252605347458609,-0.05516669746678987,0.027316024817300468
