cosine,xi,xi_symmetric,pearson,spearman,relationship,repetition,n_samples
0.05089822559077537,0.9880359521438086,0.9880359521438086,0.0747508822460648,-0.005450325801303205,absolute,0,500
0.03678408249442672,0.9880359521438086,0.9880359521438086,0.03176603613774551,0.024322945291781167,absolute,1,500
0.024133575859502637,0.9880359521438086,0.9880359521438086,-0.011049225001857545,0.04714070056280225,absolute,2,500
-0.014925216673689054,0.9880359521438086,0.9880359521438086,0.008502291381483977,-0.03303795615182461,absolute,3,500
0.08530479935755929,0.9880599522398089,0.9880599522398089,0.11482410342330032,0.03309085236340945,absolute,4,500
