cosine,xi,xi_symmetric,pearson,spearman,relationship,repetition,n_samples
0.11104305278207828,0.9880359521438086,0.9880359521438086,0.12871843079645953,-0.005450325801303205,quadratic,0,500
0.04785093992403287,0.9880359521438086,0.9880359521438086,0.04312866510365844,0.024322945291781167,quadratic,1,500
0.0002587183877804169,0.9880359521438086,0.9880359521438086,-0.026758732808036225,0.04714070056280225,quadratic,2,500
0.006859436125074342,0.9880359521438086,0.9880359521438086,0.02603926348670252,-0.03303795615182461,quadratic,3,500
0.1386387051090738,0.9880599522398089,0.9880599522398089,0.1543431956918202,0.03309085236340945,quadratic,4,500
