cosine,xi,xi_symmetric,pearson,spearman,relationship,repetition,n_samples
0.7165676300492496,0.9940119760479041,0.9940119760479041,0.7169739917050726,1.0,cubic,0,500
0.8002182851923162,0.9940119760479041,0.9940119760479041,0.8001227014577408,1.0,cubic,1,500
0.7855766418985592,0.9940119760479041,0.9940119760479041,0.7861532401968105,1.0,cubic,2,500
0.7754825246191944,0.9940119760479041,0.9940119760479041,0.7758077879284295,1.0,cubic,3,500
0.7058381546880068,0.9940119760479041,0.9940119760479041,0.7060168935156316,1.0,cubic,4,500
