cosine,xi,xi_symmetric,pearson,spearman,relationship,repetition,n_samples
0.10538795391545035,0.9940119760479041,0.9940119760479041,0.9972544359388466,1.0,exponential,0,500
0.12128176811149129,0.9940119760479041,0.9940119760479041,0.9974324657166299,1.0,exponential,1,500
0.13737300758552373,0.9940119760479041,0.9940119760479041,0.9974630291169987,1.0,exponential,2,500
0.07387824215214163,0.9940119760479041,0.9940119760479041,0.9975041557448607,1.0,exponential,3,500
0.11827623926866693,0.9940119760479041,0.9940119760479041,0.9970701190791994,1.0,exponential,4,500
