cosine,xi,xi_symmetric,pearson,spearman,relationship,repetition,n_samples
-0.025594980080459292,0.9288997155988624,0.9288997155988624,-0.02574910288734451,-0.03443687374749499,sine,0,500
0.003749798995913733,0.9350317401269606,0.9350317401269606,0.004358547748012546,0.026600746402985615,sine,1,500
-0.1018762543269196,0.9315157260629042,0.9315157260629042,-0.10260450945255893,-0.0900199440797763,sine,2,500
0.006455556072781093,0.9302197208788835,0.9302197208788835,0.006344217273392017,0.02969330277321109,sine,3,500
0.03757398542927347,0.9313837255349021,0.9313837255349021,0.03787827558450822,0.04946419785679142,sine,4,500
